year,predicted_income
2025,45431.01947053103
2024,44602.554395308485
2023,43774.08932008571
2023,43774.08932008571
2021,42117.15916964039
2025,45431.01947053103
